id,name,group,position,main,sub,ap,trion,attack,defense,evasion,support,technique,known_skills,simulation_loadout,skills_complete,normal_loadout_crosscheck,source,notes
char_01,歌川遼,1番隊,AR,スコーピオン / メテオラ / シールド / アステロイド,スコーピオン / カメレオン / シールド / バッグワーム,,,,,,,,,未確認,False,family-count-match,https://w.atwiki.jp/worldtrigger2ch/pages/73.html,
char_02,漆間恒,1番隊,GU,アステロイド(突撃銃型) / カメレオン / シールド / ダミービーコン(試作),バッグワーム / サイレンサー / シールド / メテオラ,,,,,,,,,未確認,False,family-count-match,https://w.atwiki.jp/worldtrigger2ch/pages/312.html,
char_03,空閑遊真,1番隊,AT,スコーピオン / グラスホッパー / シールド / FreeTrigger,スコーピオン / グラスホッパー / シールド / バッグワーム,,,,,,,,,未確認,False,family-count-match,https://w.atwiki.jp/worldtrigger2ch/pages/44.html,
char_04,巴虎太郎,1番隊,GU,ハウンド(拳銃型) / アステロイド(拳銃型) / シールド / FreeTrigger,弧月 / ダミービーコン(試作) / シールド / バッグワーム,,,,,,,,,未確認,False,family-count-match,https://w.atwiki.jp/worldtrigger2ch/pages/130.html,
char_05,王子一彰,2番隊,AT,弧月 / 旋空 / シールド / FreeTrigger,スコーピオン / ハウンド / シールド / バッグワーム,,,,,,,,,未確認,False,family-count-match,https://w.atwiki.jp/worldtrigger2ch/pages/308.html,
char_06,辻新之助,2番隊,AT,弧月 / 旋空 / シールド / FreeTrigger,FreeTrigger / FreeTrigger / シールド / バッグワーム,,,,,,,,,未確認,False,family-count-match,https://w.atwiki.jp/worldtrigger2ch/pages/149.html,
char_07,生駒達人,2番隊,AT,弧月 / 旋空 / シールド / FreeTrigger,FreeTrigger / FreeTrigger / シールド / バッグワーム,,,,,,,,,未確認,False,family-count-match,https://w.atwiki.jp/worldtrigger2ch/pages/265.html,
char_08,帯島ユカリ,2番隊,AR,アステロイド / ハウンド / シールド / バッグワーム,弧月 / 旋空 / シールド / FreeTrigger,,,,,,,,,未確認,False,family-count-match,https://w.atwiki.jp/worldtrigger2ch/pages/305.html,
char_09,柿崎国治,3番隊,AR,アステロイド(突撃銃型) / メテオラ(突撃銃型) / シールド / FreeTrigger,弧月 / 旋空 / シールド / バッグワーム,,,,,,,,,未確認,False,family-count-match,https://w.atwiki.jp/worldtrigger2ch/pages/104.html,
char_10,影浦雅人,3番隊,AT,スコーピオン / FreeTrigger / シールド / FreeTrigger,スコーピオン / FreeTrigger / シールド / バッグワーム,,,,,,,,,未確認,False,family-count-match,https://w.atwiki.jp/worldtrigger2ch/pages/148.html,
char_11,別役太一,3番隊,SN,イーグレット / アイビス / シールド / ライトニング,バッグワーム / FreeTrigger / シールド / FreeTrigger,,,,,,,,,未確認,False,family-count-match,https://w.atwiki.jp/worldtrigger2ch/pages/96.html,
char_12,犬飼澄晴,3番隊,GU,アステロイド(突撃銃型) / ハウンド(突撃銃型) / シールド / FreeTrigger,ハウンド / スコーピオン / シールド / バッグワーム,,,,,,,,,未確認,False,family-count-match,https://w.atwiki.jp/worldtrigger2ch/pages/154.html,
char_13,北添尋,4番隊,GU,メテオラ(擲弾銃型) / アステロイド(突撃銃型) / シールド / FreeTrigger,メテオラ(擲弾銃型) / FreeTrigger / シールド / バッグワーム,,,,,,,,,未確認,False,family-count-match,https://w.atwiki.jp/worldtrigger2ch/pages/152.html,通常装備の突撃銃は軽機関銃形状。機関砲と同一視しない。
char_14,外岡一斗,4番隊,SN,イーグレット / アイビス / シールド / ライトニング,バッグワーム / FreeTrigger / シールド / FreeTrigger,,,,,,,,,未確認,False,family-count-match,https://w.atwiki.jp/worldtrigger2ch/pages/306.html,
char_15,菊地原士郎,4番隊,AT,スコーピオン / FreeTrigger / シールド / FreeTrigger,スコーピオン / カメレオン / シールド / バッグワーム,,,,,,,,,未確認,False,family-count-match,https://w.atwiki.jp/worldtrigger2ch/pages/76.html,
char_16,南沢海,4番隊,AT,弧月 / 旋空 / シールド / FreeTrigger,グラスホッパー / FreeTrigger / シールド / バッグワーム,,,,,,,,,未確認,False,family-count-match,https://w.atwiki.jp/worldtrigger2ch/pages/303.html,
char_17,来馬辰也,5番隊,GU,アステロイド(突撃銃型) / ハウンド(突撃銃型) / シールド / FreeTrigger,サイレンサー / FreeTrigger / シールド / バッグワーム,,,,,,,,,未確認,False,family-count-match,https://w.atwiki.jp/worldtrigger2ch/pages/81.html,通常構成はサブにサイレンサー。R7はサブでもハウンド突撃銃を使用、置換枠未確定。
char_18,穂刈篤,5番隊,SN,イーグレット / シールド / FreeTrigger / FreeTrigger,バッグワーム / シールド / FreeTrigger / FreeTrigger,,,,,,,,,未確認,False,family-count-match,https://w.atwiki.jp/worldtrigger2ch/pages/126.html,
char_19,小荒井登,5番隊,AT,弧月 / 旋空 / シールド / グラスホッパー,FreeTrigger / FreeTrigger / シールド / バッグワーム,,,,,,,,,未確認,False,family-count-match,https://w.atwiki.jp/worldtrigger2ch/pages/92.html,
char_20,弓場拓磨,5番隊,GU,アステロイド(拳銃型) / バイパー(拳銃型) / シールド / FreeTrigger,アステロイド(拳銃型) / バイパー(拳銃型) / シールド / バッグワーム,,,,,,,,,未確認,False,family-count-match,https://w.atwiki.jp/worldtrigger2ch/pages/266.html,
char_21,古寺章平,6番隊,SN,イーグレット / アイビス / シールド / ライトニング,バッグワーム / FreeTrigger / シールド / FreeTrigger,,,,,,,,,未確認,False,family-count-match,https://w.atwiki.jp/worldtrigger2ch/pages/89.html,
char_22,奥寺常幸,6番隊,AT,弧月 / 旋空 / シールド / グラスホッパー,FreeTrigger / FreeTrigger / シールド / バッグワーム,,,,,,,,,未確認,False,family-count-match,https://w.atwiki.jp/worldtrigger2ch/pages/93.html,
char_23,三浦雄太,6番隊,AT,弧月 / 旋空 / シールド / 幻踊,カメレオン / FreeTrigger / シールド / バッグワーム,,,,,,,,,未確認,False,family-count-match,https://w.atwiki.jp/worldtrigger2ch/pages/173.html,
char_24,木虎藍,6番隊,AR,アステロイド(拳銃型) / スパイダー(改):拳銃型 / シールド / FreeTrigger,スコーピオン(改) / FreeTrigger / シールド / バッグワーム,,4,8,6,7,7,9,,未確認,False,family-count-match,https://w.atwiki.jp/worldtrigger2ch/pages/84.html,改造スコーピオンと拳銃型スパイダーを通常品に統合しない。
char_25,諏訪洸太郎,7番隊,GU,アステロイド(散弾銃型) / FreeTrigger / シールド / FreeTrigger,アステロイド(散弾銃型) / スタアメーカー / シールド / バッグワーム,,,,,,,,,未確認,False,family-count-match,https://w.atwiki.jp/worldtrigger2ch/pages/83.html,
char_26,隠岐孝二,7番隊,SN,イーグレット / ライトニング / シールド / グラスホッパー,バッグワーム / FreeTrigger / シールド / FreeTrigger,15,8,6,5,7,6,8,,未確認,False,family-count-match,https://w.atwiki.jp/worldtrigger2ch/pages/302.html,
char_27,三雲修,7番隊,SH,レイガスト / スラスター / FreeTrigger / スパイダー,アステロイド / FreeTrigger / シールド / バッグワーム,13,2,3,4,4,5,6,,未確認,False,family-count-match,https://w.atwiki.jp/worldtrigger2ch/pages/37.html,
char_28,香取葉子,7番隊,AR,スコーピオン / アステロイド(拳銃型) / シールド / グラスホッパー,スコーピオン / ハウンド(拳銃型) / シールド / バッグワーム,16,6,9,6,8,6,7,近接連携 / 万能適正,未確認,False,family-count-match,https://w.atwiki.jp/worldtrigger2ch/pages/172.html,通常構成はハウンド拳銃。R8はスパイダー使用、置換枠に疑問符あり。シミュ初期構成未確定。
char_29,二宮匡貴,8番隊,SH,アステロイド / ハウンド / シールド / メテオラ,アステロイド / ハウンド / シールド / バッグワーム,,,,,,,,,未確認,False,family-count-match,https://w.atwiki.jp/worldtrigger2ch/pages/144.html,
char_30,東春秋,8番隊,SN,アイビス / イーグレット / シールド / ライトニング,バッグワーム / ダミービーコン(試作) / シールド / FreeTrigger,,,,,,,,,未確認,False,family-count-match,https://w.atwiki.jp/worldtrigger2ch/pages/79.html,
char_31,雨取千佳,8番隊,SN,アイビス / ハウンド / シールド / ライトニング,バッグワーム / FreeTrigger / シールド / 鉛弾,12,25,2,4,3,,,戦闘経験不足 / トリオン・極大 / 鉛弾狙撃 / 鉛弾追尾弾,未確認,False,family-count-match,https://w.atwiki.jp/worldtrigger2ch/pages/45.html,C級訓練装備を除外しR5以降を採録。R7メテオラ使用あり、入替枠未確定。
char_32,絵馬ユズル,8番隊,SN,アイビス / イーグレット / シールド / ライトニング,バッグワーム / FreeTrigger / シールド / FreeTrigger,,,,,,,,,未確認,False,family-count-match,https://w.atwiki.jp/worldtrigger2ch/pages/147.html,
char_33,水上敏志,9番隊,SH,アステロイド / メテオラ / シールド / FreeTrigger,アステロイド / ハウンド / シールド / バッグワーム,14,5,6,5,,,7,,未確認,False,family-count-match,https://w.atwiki.jp/worldtrigger2ch/pages/301.html,
char_34,荒船哲次,9番隊,SN,イーグレット / シールド / 弧月 / 旋空,バッグワーム / シールド / FreeTrigger / FreeTrigger,15,,8,6,,8,,,未確認,False,family-count-match,https://w.atwiki.jp/worldtrigger2ch/pages/82.html,
char_35,樫尾由多嘉,9番隊,AT,弧月 / 旋空 / シールド / FreeTrigger,グラスホッパー / ハウンド / シールド / バッグワーム,17,5,6,7,6,7,7,,未確認,False,family-count-match,https://w.atwiki.jp/worldtrigger2ch/pages/310.html,
char_36,照屋文香,9番隊,AR,弧月 / 旋空 / シールド / FreeTrigger,アステロイド(突撃銃型) / ハウンド(突撃銃型) / シールド / バッグワーム,16,7,6,6,,7,,射撃連携,未確認,False,family-count-match,https://w.atwiki.jp/worldtrigger2ch/pages/131.html,
char_37,村上鋼,10番隊,AT,弧月 / 旋空 / シールド / FreeTrigger,レイガスト / スラスター / シールド / バッグワーム,,,,,,,,,未確認,False,family-count-match,https://w.atwiki.jp/worldtrigger2ch/pages/95.html,
char_38,堤大地,10番隊,GU,アステロイド(散弾銃型) / FreeTrigger / シールド / FreeTrigger,アステロイド(散弾銃型) / スタアメーカー / シールド / バッグワーム,,,,,,,,,未確認,False,family-count-match,https://w.atwiki.jp/worldtrigger2ch/pages/107.html,
char_39,熊谷友子,10番隊,AT,弧月 / 旋空 / シールド / FreeTrigger,FreeTrigger / メテオラ / シールド / バッグワーム,,,,,,,,,未確認,False,family-count-match,https://w.atwiki.jp/worldtrigger2ch/pages/137.html,
char_40,蔵内和紀,10番隊,SH,ハウンド / アステロイド / シールド / メテオラ,ハウンド / FreeTrigger / シールド / バッグワーム,,,,,,,,射撃連携,未確認,False,family-count-match,https://w.atwiki.jp/worldtrigger2ch/pages/309.html,
char_41,若村麓郎,11番隊,GU,アステロイド(突撃銃型) / ハウンド(突撃銃型) / シールド / FreeTrigger,カメレオン / FreeTrigger / シールド / バッグワーム,,,,,,,,,未確認,False,family-count-match,https://w.atwiki.jp/worldtrigger2ch/pages/174.html,
char_42,半崎義人,11番隊,SN,イーグレット / シールド / FreeTrigger / FreeTrigger,バッグワーム / シールド / FreeTrigger / FreeTrigger,,,,,,,,,未確認,False,family-count-match,https://w.atwiki.jp/worldtrigger2ch/pages/127.html,
char_43,笹森日佐人,11番隊,AT,弧月 / 旋空 / シールド / FreeTrigger,FreeTrigger / カメレオン / シールド / バッグワーム,,,,,,,,,未確認,False,family-count-match,https://w.atwiki.jp/worldtrigger2ch/pages/108.html,
char_44,ヒュース,11番隊,AT,弧月 / 旋空 / シールド / FreeTrigger,バイパー / エスクード / シールド / バッグワーム,,,,,,,,,未確認,False,family-count-match,https://w.atwiki.jp/worldtrigger2ch/pages/58.html,
char_45,太刀川慶,ヘルプ1,AT,弧月 / 旋空 / シールド / グラスホッパー,弧月 / 旋空 / シールド / バッグワーム,,,,,,,,近接連携,未確認,False,family-count-match,https://w.atwiki.jp/worldtrigger2ch/pages/33.html,
char_46,風間蒼也,ヘルプ1,AT,スコーピオン / FreeTrigger / シールド / FreeTrigger,スコーピオン / カメレオン / シールド / バッグワーム,,,,,,,,近接連携,未確認,False,family-count-match,https://w.atwiki.jp/worldtrigger2ch/pages/61.html,
char_47,当真勇,ヘルプ1,SN,イーグレット / シールド / FreeTrigger / FreeTrigger,バッグワーム / シールド / FreeTrigger / FreeTrigger,,,,,,,,急所狙い,未確認,False,family-count-match,https://w.atwiki.jp/worldtrigger2ch/pages/50.html,
char_48,出水公平,ヘルプ1,SH,アステロイド / メテオラ / バッグワーム / シールド,アステロイド / バイパー / ハウンド / シールド,,,,,,,,射撃連携 / トリオン・大 / 合成弾適正 / 変化弾適正,未確認,False,family-count-match,https://w.atwiki.jp/worldtrigger2ch/pages/34.html,
char_49,佐伯竜司,ヘルプ2,AR,弧月 / エスクード / シールド / 旋空,アステロイド(突撃銃型) / エスクード / シールド / バッグワーム,,,,,,,,,未確認,False,family-count-match,https://w.atwiki.jp/worldtrigger2ch/pages/264.html,
char_50,里見一馬,ヘルプ2,GU,アステロイド(突撃銃型) / ハウンド(突撃銃型) / シールド / FreeTrigger,アステロイド(拳銃型) / FreeTrigger / シールド / バッグワーム,,,,,,,,,未確認,False,family-count-match,https://w.atwiki.jp/worldtrigger2ch/pages/297.html,
char_51,緑川駿,ヘルプ2,AT,スコーピオン / グラスホッパー / シールド / FreeTrigger,スコーピオン / グラスホッパー / シールド / バッグワーム,,,,,,,,,未確認,False,family-count-match,https://w.atwiki.jp/worldtrigger2ch/pages/55.html,
char_52,宇野隼人,ヘルプ2,SN,ライトニング / イーグレット / シールド / FreeTrigger,バッグワーム / サイレンサー / シールド / FreeTrigger,,,,,,,,,未確認,False,family-count-match,https://w.atwiki.jp/worldtrigger2ch/pages/298.html,
char_53,嵐山准,ヘルプ2,AR,アステロイド(突撃銃型) / メテオラ(突撃銃型) / シールド / FreeTrigger,スコーピオン / テレポーター(試作) / シールド / バッグワーム,,,,,,,,,未確認,False,family-count-match,https://w.atwiki.jp/worldtrigger2ch/pages/80.html,
char_54,佐鳥賢,ヘルプ2,SN,イーグレット / FreeTrigger / シールド / FreeTrigger,イーグレット / FreeTrigger / シールド / バッグワーム,,,,,,,,,未確認,False,family-count-match,https://w.atwiki.jp/worldtrigger2ch/pages/86.html,
char_55,時枝充,ヘルプ2,AR,アステロイド(突撃銃型) / メテオラ(突撃銃型) / シールド / FreeTrigger,スコーピオン / テレポーター(試作) / シールド / バッグワーム,,,,,,,,,未確認,False,family-count-match,https://w.atwiki.jp/worldtrigger2ch/pages/85.html,
char_56,加古望,ヘルプ3,SH,スコーピオン / タイマー(試作) / シールド / バッグワーム,ハウンド(改) / アステロイド / シールド / テレポーター(試作),,,,,,,,,未確認,False,family-count-match,https://w.atwiki.jp/worldtrigger2ch/pages/119.html,改造ハウンド・試作タイマーを通常品から区別。
char_57,黒江双葉,ヘルプ3,AT,弧月 / 魔光(試作) / シールド / 旋空,韋駄天(試作) / FreeTrigger / シールド / バッグワーム,,,,,,,,近接連携,未確認,False,family-count-match,https://w.atwiki.jp/worldtrigger2ch/pages/125.html,
char_58,三輪秀次,ヘルプ3,AR,弧月 / FreeTrigger / シールド / バッグワーム,アステロイド(拳銃型) / バイパー(拳銃型) / シールド / 鉛弾(改),,,,,,,,,未確認,False,family-count-match,https://w.atwiki.jp/worldtrigger2ch/pages/116.html,鉛弾(改)と通常鉛弾を区別。
char_59,米屋陽介,ヘルプ3,AT,弧月(改):槍 / 幻踊 / シールド / 旋空,FreeTrigger / FreeTrigger / シールド / バッグワーム,,,,,,,,,未確認,False,family-count-match,https://w.atwiki.jp/worldtrigger2ch/pages/106.html,槍型弧月を通常弧月と区別。
char_60,奈良坂透,ヘルプ3,SN,イーグレット / アイビス / シールド / ライトニング,バッグワーム / FreeTrigger / シールド / FreeTrigger,,,,,,,,,未確認,False,family-count-match,https://w.atwiki.jp/worldtrigger2ch/pages/88.html,
char_61,片桐隆明,ヘルプ3,GU,アステロイド(突撃銃型) / メテオラ(突撃銃型) / シールド / イーグレット,バッグワーム / ダミービーコン(試作) / シールド / スパイダー,,,,,,,,,未確認,False,family-count-match,https://w.atwiki.jp/worldtrigger2ch/pages/123.html,
char_62,一条雪丸,ヘルプ3,AT,レイガスト / スラスター(改) / シールド / FreeTrigger,レイガスト / スラスター(改) / シールド / バッグワーム,,,,,,,,,未確認,False,family-count-match,https://w.atwiki.jp/worldtrigger2ch/pages/263.html,改造スラスターの改造内容とシミュ効果は未確認。
char_63,桃園藤一郎,ヘルプ3,SN,イーグレット / アイビス / シールド / FreeTrigger,バッグワーム / FreeTrigger / シールド / FreeTrigger,,,,,,,,,未確認,False,family-count-match,https://w.atwiki.jp/worldtrigger2ch/pages/299.html,
char_64,那須玲,ヘルプ3,SH,バイパー / アステロイド / シールド / メテオラ,バイパー / FreeTrigger / シールド / バッグワーム,,,,,,,,,未確認,False,family-count-match,https://w.atwiki.jp/worldtrigger2ch/pages/140.html,
