id,name,family,normal_owners,simulation_observation,ap,cooldown,power,hit_percent,range,sector_degrees,status
trigger_01,アイビス,アイビス,別役太一、外岡一斗、古寺章平、東春秋、雨取千佳、絵馬ユズル、奈良坂透、桃園藤一郎,シミュでの全数値・効果未照合,,,,,,,未確認
trigger_02,アステロイド,アステロイド,歌川遼、帯島ユカリ、三雲修、二宮匡貴、水上敏志、蔵内和紀、出水公平、加古望、那須玲,シミュでの全数値・効果未照合,,,,,,,未確認
trigger_03,アステロイド(拳銃型),アステロイド,巴虎太郎、弓場拓磨、木虎藍、香取葉子、里見一馬、三輪秀次,シミュでの全数値・効果未照合,,,,,,,未確認
trigger_04,アステロイド(散弾銃型),アステロイド,諏訪洸太郎、堤大地,シミュでの全数値・効果未照合,,,,,,,未確認
trigger_05,アステロイド(突撃銃型),アステロイド,漆間恒、柿崎国治、犬飼澄晴、北添尋、来馬辰也、照屋文香、若村麓郎、佐伯竜司、里見一馬、嵐山准、時枝充、片桐隆明,シミュでの全数値・効果未照合,,,,,,,未確認
trigger_06,イーグレット,イーグレット,別役太一、外岡一斗、穂刈篤、古寺章平、隠岐孝二、東春秋、絵馬ユズル、荒船哲次、半崎義人、当真勇、宇野隼人、佐鳥賢、奈良坂透、片桐隆明、桃園藤一郎,シミュでの全数値・効果未照合,,,,,,,未確認
trigger_07,エスクード,エスクード,ヒュース、佐伯竜司,シミュでの全数値・効果未照合,,,,,,,未確認
trigger_08,カメレオン,カメレオン,歌川遼、漆間恒、菊地原士郎、三浦雄太、若村麓郎、笹森日佐人、風間蒼也,S3:自動攻撃対象への影響。連携追撃のみか通常攻撃もかは解釈を含む。,,,,,,,未確認
trigger_09,グラスホッパー,グラスホッパー,空閑遊真、南沢海、小荒井登、奥寺常幸、隠岐孝二、香取葉子、樫尾由多嘉、太刀川慶、緑川駿,シミュでの全数値・効果未照合,,,,,,,未確認
trigger_10,サイレンサー,サイレンサー,漆間恒、来馬辰也、宇野隼人,シミュでの全数値・効果未照合,,,,,,,未確認
trigger_11,シールド,シールド,歌川遼、漆間恒、空閑遊真、巴虎太郎、王子一彰、辻新之助、生駒達人、帯島ユカリ、柿崎国治、影浦雅人、別役太一、犬飼澄晴、北添尋、外岡一斗、菊地原士郎、南沢海、来馬辰也、穂刈篤、小荒井登、弓場拓磨、古寺章平、奥寺常幸、三浦雄太、木虎藍、諏訪洸太郎、隠岐孝二、三雲修、香取葉子、二宮匡貴、東春秋、雨取千佳、絵馬ユズル、水上敏志、荒船哲次、樫尾由多嘉、照屋文香、村上鋼、堤大地、熊谷友子、蔵内和紀、若村麓郎、半崎義人、笹森日佐人、ヒュース、太刀川慶、風間蒼也、当真勇、出水公平、佐伯竜司、里見一馬、緑川駿、宇野隼人、嵐山准、佐鳥賢、時枝充、加古望、黒江双葉、三輪秀次、米屋陽介、奈良坂透、片桐隆明、一条雪丸、桃園藤一郎、那須玲,S3:扇形内の防御。トリオン値を参照、完全式は未確認。,,,,,,,未確認
trigger_12,スコーピオン,スコーピオン,歌川遼、空閑遊真、王子一彰、影浦雅人、犬飼澄晴、菊地原士郎、香取葉子、風間蒼也、緑川駿、嵐山准、時枝充、加古望,シミュでの全数値・効果未照合,,,,,,,未確認
trigger_13,スコーピオン(改),スコーピオン,木虎藍,シミュでの全数値・効果未照合,,,,,,,未確認
trigger_14,スタアメーカー,スタアメーカー,諏訪洸太郎、堤大地,シミュでの全数値・効果未照合,,,,,,,未確認
trigger_15,スパイダー,スパイダー,三雲修、片桐隆明,S3:ワイヤーセルに入る敵の移動APを追加1。設置AP・上限未確認。,,,,,,,未確認
trigger_16,スパイダー(改):拳銃型,スパイダー,木虎藍,シミュでの全数値・効果未照合,,,,,,,未確認
trigger_17,スラスター,スラスター,三雲修、村上鋼,シミュでの全数値・効果未照合,,,,,,,未確認
trigger_18,スラスター(改),スラスター,一条雪丸,シミュでの全数値・効果未照合,,,,,,,未確認
trigger_19,タイマー(試作),タイマー,加古望,シミュでの全数値・効果未照合,,,,,,,未確認
trigger_20,ダミービーコン(試作),ダミービーコン,漆間恒、巴虎太郎、東春秋、片桐隆明,シミュでの全数値・効果未照合,,,,,,,未確認
trigger_21,テレポーター(試作),テレポーター,嵐山准、時枝充、加古望,シミュでの全数値・効果未照合,,,,,,,未確認
trigger_22,ハウンド,ハウンド,王子一彰、帯島ユカリ、犬飼澄晴、二宮匡貴、雨取千佳、水上敏志、樫尾由多嘉、蔵内和紀、出水公平,シミュでの全数値・効果未照合,,,,,,,未確認
trigger_23,ハウンド(拳銃型),ハウンド,巴虎太郎、香取葉子,シミュでの全数値・効果未照合,,,,,,,未確認
trigger_24,ハウンド(改),ハウンド,加古望,シミュでの全数値・効果未照合,,,,,,,未確認
trigger_25,ハウンド(突撃銃型),ハウンド,犬飼澄晴、来馬辰也、照屋文香、若村麓郎、里見一馬,シミュでの全数値・効果未照合,,,,,,,未確認
trigger_26,バイパー,バイパー,ヒュース、出水公平、那須玲,シミュでの全数値・効果未照合,,,,,,,未確認
trigger_27,バイパー(拳銃型),バイパー,弓場拓磨、三輪秀次,シミュでの全数値・効果未照合,,,,,,,未確認
trigger_28,バッグワーム,バッグワーム,歌川遼、漆間恒、空閑遊真、巴虎太郎、王子一彰、辻新之助、生駒達人、帯島ユカリ、柿崎国治、影浦雅人、別役太一、犬飼澄晴、北添尋、外岡一斗、菊地原士郎、南沢海、来馬辰也、穂刈篤、小荒井登、弓場拓磨、古寺章平、奥寺常幸、三浦雄太、木虎藍、諏訪洸太郎、隠岐孝二、三雲修、香取葉子、二宮匡貴、東春秋、雨取千佳、絵馬ユズル、水上敏志、荒船哲次、樫尾由多嘉、照屋文香、村上鋼、堤大地、熊谷友子、蔵内和紀、若村麓郎、半崎義人、笹森日佐人、ヒュース、太刀川慶、風間蒼也、当真勇、出水公平、佐伯竜司、里見一馬、緑川駿、宇野隼人、嵐山准、佐鳥賢、時枝充、加古望、黒江双葉、三輪秀次、米屋陽介、奈良坂透、片桐隆明、一条雪丸、桃園藤一郎、那須玲,V2/S3:非防御装備にも回避扇形。レーダー非表示、維持AP未確認。,,,,,,,未確認
trigger_29,メテオラ,メテオラ,歌川遼、漆間恒、二宮匡貴、水上敏志、熊谷友子、蔵内和紀、出水公平、那須玲,シミュでの全数値・効果未照合,,,,,,,未確認
trigger_30,メテオラ(擲弾銃型),メテオラ,北添尋,シミュでの全数値・効果未照合,,,,,,,未確認
trigger_31,メテオラ(突撃銃型),メテオラ,柿崎国治、嵐山准、時枝充、片桐隆明,シミュでの全数値・効果未照合,,,,,,,未確認
trigger_32,ライトニング,ライトニング,別役太一、外岡一斗、古寺章平、隠岐孝二、東春秋、雨取千佳、絵馬ユズル、宇野隼人、奈良坂透,シミュでの全数値・効果未照合,,,,,,,未確認
trigger_33,レイガスト,レイガスト,三雲修、村上鋼、一条雪丸,S3:防御へのトリオン影響が小さい。230話の両手装備はS13。,,,,,,,未確認
trigger_34,幻踊,幻踊,三浦雄太、米屋陽介,シミュでの全数値・効果未照合,,,,,,,未確認
trigger_35,弧月,弧月,巴虎太郎、王子一彰、辻新之助、生駒達人、帯島ユカリ、柿崎国治、南沢海、小荒井登、奥寺常幸、三浦雄太、荒船哲次、樫尾由多嘉、照屋文香、村上鋼、熊谷友子、笹森日佐人、ヒュース、太刀川慶、佐伯竜司、黒江双葉、三輪秀次,シミュでの全数値・効果未照合,,,,,,,未確認
trigger_36,弧月(改):槍,弧月,米屋陽介,シミュでの全数値・効果未照合,,,,,,,未確認
trigger_37,旋空,旋空,王子一彰、辻新之助、生駒達人、帯島ユカリ、柿崎国治、南沢海、小荒井登、奥寺常幸、三浦雄太、荒船哲次、樫尾由多嘉、照屋文香、村上鋼、熊谷友子、笹森日佐人、ヒュース、太刀川慶、佐伯竜司、黒江双葉、米屋陽介,シミュでの全数値・効果未照合,,,,,,,未確認
trigger_38,鉛弾,鉛弾,雨取千佳,S3:雨取の狙撃・追尾弾スキルと組合せ。,,,,,,,未確認
trigger_39,鉛弾(改),鉛弾,三輪秀次,S3:専用オプション扱い・1試合3回という二次記述。,,,,,,,未確認
trigger_40,韋駄天(試作),韋駄天,黒江双葉,シミュでの全数値・効果未照合,,,,,,,未確認
trigger_41,魔光(試作),魔光,黒江双葉,シミュでの全数値・効果未照合,,,,,,,未確認
